"patient_id","first_name","last_name","email"
100,"Ira","Eachern","Ira.Eachern@yopmail.com"
101,"Jennica","Ashely","Jennica.Ashely@yopmail.com"
102,"Chere","Maisey","Chere.Maisey@yopmail.com"
103,"Kara-Lynn","Shanley","Kara-Lynn.Shanley@yopmail.com"
104,"Antonietta","Claudine","Antonietta.Claudine@yopmail.com"
105,"Leontine","Zachary","Leontine.Zachary@yopmail.com"
106,"Elbertina","Dosia","Elbertina.Dosia@yopmail.com"
107,"Blondelle","Riordan","Blondelle.Riordan@yopmail.com"
108,"Babita","Felecia","Babita.Felecia@yopmail.com"
109,"Christal","Marcellus","Christal.Marcellus@yopmail.com"
110,"Alexine","Isacco","Alexine.Isacco@yopmail.com"
111,"Camile","Ovid","Camile.Ovid@yopmail.com"
112,"Correy","Pozzy","Correy.Pozzy@yopmail.com"
113,"Frieda","Douglass","Frieda.Douglass@yopmail.com"
114,"Bobinette","Peti","Bobinette.Peti@yopmail.com"
115,"Silvana","Zina","Silvana.Zina@yopmail.com"
116,"Dacia","Silvan","Dacia.Silvan@yopmail.com"
117,"Elka","Orpah","Elka.Orpah@yopmail.com"
118,"Ermengarde","Izaak","Ermengarde.Izaak@yopmail.com"
119,"Jaclyn","Euridice","Jaclyn.Euridice@yopmail.com"
120,"Goldie","Kare","Goldie.Kare@yopmail.com"
121,"Mariele","Emanuel","Mariele.Emanuel@yopmail.com"
122,"Joelly","Grimbly","Joelly.Grimbly@yopmail.com"
123,"Mamie","Loleta","Mamie.Loleta@yopmail.com"
124,"Gabriellia","Krystle","Gabriellia.Krystle@yopmail.com"
125,"Roz","Ardeha","Roz.Ardeha@yopmail.com"
126,"Frances","Lamoree","Frances.Lamoree@yopmail.com"
127,"Reeba","Autrey","Reeba.Autrey@yopmail.com"
128,"Lila","Martguerita","Lila.Martguerita@yopmail.com"
129,"Aurore","Garrison","Aurore.Garrison@yopmail.com"
130,"Micheline","Eugenia","Micheline.Eugenia@yopmail.com"
131,"Jorry","Aida","Jorry.Aida@yopmail.com"
132,"Jacquetta","Kirbee","Jacquetta.Kirbee@yopmail.com"
133,"Evita","Ricki","Evita.Ricki@yopmail.com"
134,"Jessy","Shelba","Jessy.Shelba@yopmail.com"
135,"Korrie","Jefferey","Korrie.Jefferey@yopmail.com"
136,"Drucie","Nedrud","Drucie.Nedrud@yopmail.com"
137,"Linet","Persse","Linet.Persse@yopmail.com"
138,"Winifred","Kazimir","Winifred.Kazimir@yopmail.com"
139,"Joelly","Anyah","Joelly.Anyah@yopmail.com"
140,"Yetty","Shanley","Yetty.Shanley@yopmail.com"
141,"Damaris","Greenwald","Damaris.Greenwald@yopmail.com"
142,"Jan","Wyn","Jan.Wyn@yopmail.com"
143,"Leia","Diann","Leia.Diann@yopmail.com"
144,"Chloris","Crudden","Chloris.Crudden@yopmail.com"
145,"Lynde","Imelida","Lynde.Imelida@yopmail.com"
146,"Nananne","Rodmann","Nananne.Rodmann@yopmail.com"
147,"Tarra","Fillbert","Tarra.Fillbert@yopmail.com"
148,"Lyssa","Irmine","Lyssa.Irmine@yopmail.com"
149,"Nyssa","Hanleigh","Nyssa.Hanleigh@yopmail.com"
150,"Bibby","Aaberg","Bibby.Aaberg@yopmail.com"
151,"Barbi","Emmaline","Barbi.Emmaline@yopmail.com"
152,"Ann-Marie","Gwenore","Ann-Marie.Gwenore@yopmail.com"
153,"Cam","Cordi","Cam.Cordi@yopmail.com"
154,"Carmela","Vacuva","Carmela.Vacuva@yopmail.com"
155,"Dorthy","Maisey","Dorthy.Maisey@yopmail.com"
156,"Arlina","Tryck","Arlina.Tryck@yopmail.com"
157,"Donetta","Docilla","Donetta.Docilla@yopmail.com"
158,"Ruthe","Weaks","Ruthe.Weaks@yopmail.com"
159,"Clarice","Willie","Clarice.Willie@yopmail.com"
160,"Annice","Randene","Annice.Randene@yopmail.com"
161,"Coral","Evvie","Coral.Evvie@yopmail.com"
162,"Consuela","Macey","Consuela.Macey@yopmail.com"
163,"Carolina","Sparhawk","Carolina.Sparhawk@yopmail.com"
164,"Roseline","Leary","Roseline.Leary@yopmail.com"
165,"Arlena","Keily","Arlena.Keily@yopmail.com"
166,"Tybie","Sandye","Tybie.Sandye@yopmail.com"
167,"Amara","Sawtelle","Amara.Sawtelle@yopmail.com"
168,"Di","Lowry","Di.Lowry@yopmail.com"
169,"Monika","Fulmer","Monika.Fulmer@yopmail.com"
170,"Etta","Joeann","Etta.Joeann@yopmail.com"
171,"Maisey","Flyn","Maisey.Flyn@yopmail.com"
172,"Melina","Han","Melina.Han@yopmail.com"
173,"Feliza","Curren","Feliza.Curren@yopmail.com"
174,"Estell","Crudden","Estell.Crudden@yopmail.com"
175,"Chickie","Fiester","Chickie.Fiester@yopmail.com"
176,"Robinia","Earlie","Robinia.Earlie@yopmail.com"
177,"Corry","Neils","Corry.Neils@yopmail.com"
178,"Carree","Brotherson","Carree.Brotherson@yopmail.com"
179,"Abbie","Thunell","Abbie.Thunell@yopmail.com"
180,"Sara-Ann","Amadas","Sara-Ann.Amadas@yopmail.com"
181,"Annice","Gino","Annice.Gino@yopmail.com"
182,"Gale","Pattin","Gale.Pattin@yopmail.com"
183,"Janey","Bearnard","Janey.Bearnard@yopmail.com"
184,"Michaelina","Goerke","Michaelina.Goerke@yopmail.com"
185,"Agathe","Shaddock","Agathe.Shaddock@yopmail.com"
186,"Mildrid","Dorine","Mildrid.Dorine@yopmail.com"
187,"Benita","Ashok","Benita.Ashok@yopmail.com"
188,"Rori","Bashemeth","Rori.Bashemeth@yopmail.com"
189,"Ivett","Gaal","Ivett.Gaal@yopmail.com"
190,"Gianina","Bevin","Gianina.Bevin@yopmail.com"
191,"Brooks","Chem","Brooks.Chem@yopmail.com"
192,"Leona","Othilia","Leona.Othilia@yopmail.com"
193,"Christy","Cordi","Christy.Cordi@yopmail.com"
194,"Carree","Pozzy","Carree.Pozzy@yopmail.com"
195,"Susette","Jalbert","Susette.Jalbert@yopmail.com"
196,"Roz","Erich","Roz.Erich@yopmail.com"
197,"Janeczka","Kinnard","Janeczka.Kinnard@yopmail.com"
198,"Jillayne","Sigfrid","Jillayne.Sigfrid@yopmail.com"
199,"Margette","Belldas","Margette.Belldas@yopmail.com"
200,"Etta","Ambrosia","Etta.Ambrosia@yopmail.com"
201,"Frieda","Bonilla","Frieda.Bonilla@yopmail.com"
202,"Joeann","Ball","Joeann.Ball@yopmail.com"
203,"Bettine","Duwalt","Bettine.Duwalt@yopmail.com"
204,"Nicoli","Doig","Nicoli.Doig@yopmail.com"
205,"Vonny","Lissi","Vonny.Lissi@yopmail.com"
206,"Ketti","Monk","Ketti.Monk@yopmail.com"
207,"Alyssa","Abram","Alyssa.Abram@yopmail.com"
208,"Brietta","Socha","Brietta.Socha@yopmail.com"
209,"Desirae","Primalia","Desirae.Primalia@yopmail.com"
210,"Marleah","Maiah","Marleah.Maiah@yopmail.com"
211,"Brynna","Ahab","Brynna.Ahab@yopmail.com"
212,"Annecorinne","Papageno","Annecorinne.Papageno@yopmail.com"
213,"Kenna","Kesley","Kenna.Kesley@yopmail.com"
214,"Fernande","Nelsen","Fernande.Nelsen@yopmail.com"
215,"Elsie","Bivins","Elsie.Bivins@yopmail.com"
216,"Merrie","Kellby","Merrie.Kellby@yopmail.com"
217,"Ricky","Israeli","Ricky.Israeli@yopmail.com"
218,"Taffy","Ciro","Taffy.Ciro@yopmail.com"
219,"Dode","Haymes","Dode.Haymes@yopmail.com"
220,"Anallese","Auberbach","Anallese.Auberbach@yopmail.com"
221,"Hayley","Stuart","Hayley.Stuart@yopmail.com"
222,"Alleen","Cyrie","Alleen.Cyrie@yopmail.com"
223,"Cristine","Aurelio","Cristine.Aurelio@yopmail.com"
224,"Siana","Oneida","Siana.Oneida@yopmail.com"
225,"Suzette","Anton","Suzette.Anton@yopmail.com"
226,"Marguerite","Silvan","Marguerite.Silvan@yopmail.com"
227,"Chloris","Hazlett","Chloris.Hazlett@yopmail.com"
228,"Monika","Larochelle","Monika.Larochelle@yopmail.com"
229,"Morganica","Buttaro","Morganica.Buttaro@yopmail.com"
230,"Angela","Kristi","Angela.Kristi@yopmail.com"
231,"Roz","Oster","Roz.Oster@yopmail.com"
232,"Ariela","Ietta","Ariela.Ietta@yopmail.com"
233,"Chere","Dom","Chere.Dom@yopmail.com"
234,"Helena","Rosemary","Helena.Rosemary@yopmail.com"
235,"Willetta","Quent","Willetta.Quent@yopmail.com"
236,"Florie","Delp","Florie.Delp@yopmail.com"
237,"Jinny","Fiester","Jinny.Fiester@yopmail.com"
238,"Chloris","Ferrell","Chloris.Ferrell@yopmail.com"
239,"Doralynne","Chem","Doralynne.Chem@yopmail.com"
240,"Starla","Bari","Starla.Bari@yopmail.com"
241,"Joeann","Jerald","Joeann.Jerald@yopmail.com"
242,"Karlee","Creamer","Karlee.Creamer@yopmail.com"
243,"Roberta","Keelia","Roberta.Keelia@yopmail.com"
244,"Rayna","Thar","Rayna.Thar@yopmail.com"
245,"Kara-Lynn","Goddard","Kara-Lynn.Goddard@yopmail.com"
246,"Sallie","Alice","Sallie.Alice@yopmail.com"
247,"Tori","Zeeba","Tori.Zeeba@yopmail.com"
248,"Bernardine","Stuart","Bernardine.Stuart@yopmail.com"
249,"Molli","Zaslow","Molli.Zaslow@yopmail.com"
250,"Penelopa","Kathie","Penelopa.Kathie@yopmail.com"
251,"Gianina","Ingra","Gianina.Ingra@yopmail.com"
252,"Collen","LaRue","Collen.LaRue@yopmail.com"
253,"Hollie","Calhoun","Hollie.Calhoun@yopmail.com"
254,"Vevay","Holbrook","Vevay.Holbrook@yopmail.com"
255,"Karlee","Georas","Karlee.Georas@yopmail.com"
256,"Pierette","Atcliffe","Pierette.Atcliffe@yopmail.com"
257,"Dacia","LaRue","Dacia.LaRue@yopmail.com"
258,"Lindie","Kaja","Lindie.Kaja@yopmail.com"
259,"Kore","Linskey","Kore.Linskey@yopmail.com"
260,"Althea","Santoro","Althea.Santoro@yopmail.com"
261,"Gilda","Thilda","Gilda.Thilda@yopmail.com"
262,"Ricky","Darrell","Ricky.Darrell@yopmail.com"
263,"Laurene","Garek","Laurene.Garek@yopmail.com"
264,"Mellicent","Viddah","Mellicent.Viddah@yopmail.com"
265,"Ebonee","Kendrick","Ebonee.Kendrick@yopmail.com"
266,"Minda","Rugen","Minda.Rugen@yopmail.com"
267,"Libbie","Wyn","Libbie.Wyn@yopmail.com"
268,"Latisha","Percy","Latisha.Percy@yopmail.com"
269,"Bertine","Aprile","Bertine.Aprile@yopmail.com"
270,"Neila","Sprage","Neila.Sprage@yopmail.com"
271,"Cam","Dorothy","Cam.Dorothy@yopmail.com"
272,"Raina","Fabiola","Raina.Fabiola@yopmail.com"
273,"Ivett","Milson","Ivett.Milson@yopmail.com"
274,"Sallie","Plato","Sallie.Plato@yopmail.com"
275,"Ketti","Infield","Ketti.Infield@yopmail.com"
276,"Brietta","Pattin","Brietta.Pattin@yopmail.com"
277,"Amalie","Stephie","Amalie.Stephie@yopmail.com"
278,"Frances","McGrody","Frances.McGrody@yopmail.com"
279,"Alia","Wesle","Alia.Wesle@yopmail.com"
280,"Blondelle","Iphlgenia","Blondelle.Iphlgenia@yopmail.com"
281,"Robinia","Cecile","Robinia.Cecile@yopmail.com"
282,"Shirlee","Bonucci","Shirlee.Bonucci@yopmail.com"
283,"Fanchon","Bennie","Fanchon.Bennie@yopmail.com"
284,"Grier","Gaulin","Grier.Gaulin@yopmail.com"
285,"Asia","Bendick","Asia.Bendick@yopmail.com"
286,"Konstance","Ricki","Konstance.Ricki@yopmail.com"
287,"Mady","Yuille","Mady.Yuille@yopmail.com"
288,"Dode","Vilma","Dode.Vilma@yopmail.com"
289,"Fred","Stover","Fred.Stover@yopmail.com"
290,"Karly","McGrody","Karly.McGrody@yopmail.com"
291,"Candi","Bohlin","Candi.Bohlin@yopmail.com"
292,"Blinni","Zamora","Blinni.Zamora@yopmail.com"
293,"Chickie","Hazlett","Chickie.Hazlett@yopmail.com"
294,"Konstance","Dichy","Konstance.Dichy@yopmail.com"
295,"Ninnetta","Old","Ninnetta.Old@yopmail.com"
296,"Mamie","Prouty","Mamie.Prouty@yopmail.com"
297,"Hallie","Wu","Hallie.Wu@yopmail.com"
298,"Gianina","Merna","Gianina.Merna@yopmail.com"
299,"Alia","Elephus","Alia.Elephus@yopmail.com"
300,"Myriam","Philoo","Myriam.Philoo@yopmail.com"
301,"Jenda","Montgomery","Jenda.Montgomery@yopmail.com"
302,"Jacenta","Tarrant","Jacenta.Tarrant@yopmail.com"
303,"Concettina","Libna","Concettina.Libna@yopmail.com"
304,"Gui","Modie","Gui.Modie@yopmail.com"
305,"Libbie","Burnside","Libbie.Burnside@yopmail.com"
306,"Lorenza","Gaynor","Lorenza.Gaynor@yopmail.com"
307,"Dale","Lewes","Dale.Lewes@yopmail.com"
308,"Selia","Toni","Selia.Toni@yopmail.com"
309,"Aimil","Andrel","Aimil.Andrel@yopmail.com"
310,"Ericka","Ortrude","Ericka.Ortrude@yopmail.com"
311,"Marcy","Vacuva","Marcy.Vacuva@yopmail.com"
312,"Annaliese","Gaulin","Annaliese.Gaulin@yopmail.com"
313,"Bertine","Clywd","Bertine.Clywd@yopmail.com"
314,"Cyb","Burkle","Cyb.Burkle@yopmail.com"
315,"Netty","Moseley","Netty.Moseley@yopmail.com"
316,"Ilse","Felecia","Ilse.Felecia@yopmail.com"
317,"Gaylene","Robertson","Gaylene.Robertson@yopmail.com"
318,"Esmeralda","Dannye","Esmeralda.Dannye@yopmail.com"
319,"Marcy","Sophronia","Marcy.Sophronia@yopmail.com"
320,"Doralynne","Harl","Doralynne.Harl@yopmail.com"
321,"Rosene","Anestassia","Rosene.Anestassia@yopmail.com"
322,"Donetta","Bennie","Donetta.Bennie@yopmail.com"
323,"Aryn","Evangelia","Aryn.Evangelia@yopmail.com"
324,"Chrystel","Berard","Chrystel.Berard@yopmail.com"
325,"Annecorinne","Jefferey","Annecorinne.Jefferey@yopmail.com"
326,"Dione","Revkah","Dione.Revkah@yopmail.com"
327,"Lesly","Garbe","Lesly.Garbe@yopmail.com"
328,"Aili","Ventre","Aili.Ventre@yopmail.com"
329,"Caressa","Herrera","Caressa.Herrera@yopmail.com"
330,"Gabriellia","Darbie","Gabriellia.Darbie@yopmail.com"
331,"Leona","Jerald","Leona.Jerald@yopmail.com"
332,"Ann-Marie","Breed","Ann-Marie.Breed@yopmail.com"
333,"Blake","Belldas","Blake.Belldas@yopmail.com"
334,"Adriana","Gherardo","Adriana.Gherardo@yopmail.com"
335,"Lanae","Judye","Lanae.Judye@yopmail.com"
336,"Trixi","Carmena","Trixi.Carmena@yopmail.com"
337,"Nataline","Dituri","Nataline.Dituri@yopmail.com"
338,"Collen","Ophelia","Collen.Ophelia@yopmail.com"
339,"Wendi","Gilmour","Wendi.Gilmour@yopmail.com"
340,"Myrtice","Bebe","Myrtice.Bebe@yopmail.com"
341,"Joleen","Sophronia","Joleen.Sophronia@yopmail.com"
342,"Ginnie","Doig","Ginnie.Doig@yopmail.com"
343,"Tera","Linehan","Tera.Linehan@yopmail.com"
344,"Allis","Urias","Allis.Urias@yopmail.com"
345,"Ebonee","Bari","Ebonee.Bari@yopmail.com"
346,"Danny","Hachmin","Danny.Hachmin@yopmail.com"
347,"Kirbee","Calhoun","Kirbee.Calhoun@yopmail.com"
348,"Doralynne","Rolf","Doralynne.Rolf@yopmail.com"
349,"Gusella","Eno","Gusella.Eno@yopmail.com"
350,"Delilah","Liebermann","Delilah.Liebermann@yopmail.com"
351,"Bettine","Huggins","Bettine.Huggins@yopmail.com"
352,"Elka","Juan","Elka.Juan@yopmail.com"
353,"Agathe","Eldrid","Agathe.Eldrid@yopmail.com"
354,"Ashlee","Annabella","Ashlee.Annabella@yopmail.com"
355,"Emilia","Zetta","Emilia.Zetta@yopmail.com"
356,"Neila","Heisel","Neila.Heisel@yopmail.com"
357,"Ayn","Garek","Ayn.Garek@yopmail.com"
358,"Penelopa","Borrell","Penelopa.Borrell@yopmail.com"
359,"Blinni","Fitzsimmons","Blinni.Fitzsimmons@yopmail.com"
360,"Ileana","Merriott","Ileana.Merriott@yopmail.com"
361,"Sharlene","Kiersten","Sharlene.Kiersten@yopmail.com"
362,"Neila","Pyle","Neila.Pyle@yopmail.com"
363,"Annora","Jillane","Annora.Jillane@yopmail.com"
364,"Korrie","Glovsky","Korrie.Glovsky@yopmail.com"
365,"Dawn","Teryn","Dawn.Teryn@yopmail.com"
366,"Alisha","Elephus","Alisha.Elephus@yopmail.com"
367,"Lory","Wu","Lory.Wu@yopmail.com"
368,"Codie","Bandeen","Codie.Bandeen@yopmail.com"
369,"Gretal","Merell","Gretal.Merell@yopmail.com"
370,"Maisey","Pyle","Maisey.Pyle@yopmail.com"
371,"Adriana","Delp","Adriana.Delp@yopmail.com"
372,"Cyb","Docilla","Cyb.Docilla@yopmail.com"
373,"Merry","Revkah","Merry.Revkah@yopmail.com"
374,"Asia","Riordan","Asia.Riordan@yopmail.com"
375,"Trudie","Erb","Trudie.Erb@yopmail.com"
376,"Dennie","Ruvolo","Dennie.Ruvolo@yopmail.com"
377,"Cacilie","Camden","Cacilie.Camden@yopmail.com"
378,"Ekaterina","Sallyann","Ekaterina.Sallyann@yopmail.com"
379,"Therine","Love","Therine.Love@yopmail.com"
380,"Winny","Dreda","Winny.Dreda@yopmail.com"
381,"Frances","Lipson","Frances.Lipson@yopmail.com"
382,"Antonietta","Ovid","Antonietta.Ovid@yopmail.com"
383,"Sandie","Dash","Sandie.Dash@yopmail.com"
384,"Kirbee","Tarrant","Kirbee.Tarrant@yopmail.com"
385,"Maurene","Adrienne","Maurene.Adrienne@yopmail.com"
386,"Frances","Korey","Frances.Korey@yopmail.com"
387,"Donetta","Kauppi","Donetta.Kauppi@yopmail.com"
388,"Gisela","Hanshaw","Gisela.Hanshaw@yopmail.com"
389,"Ardys","Ortrude","Ardys.Ortrude@yopmail.com"
390,"Leeanne","Trace","Leeanne.Trace@yopmail.com"
391,"Charissa","McAdams","Charissa.McAdams@yopmail.com"
392,"Amalie","Raffo","Amalie.Raffo@yopmail.com"
393,"Viki","Kristi","Viki.Kristi@yopmail.com"
394,"Carree","Daegal","Carree.Daegal@yopmail.com"
395,"Brana","Redmond","Brana.Redmond@yopmail.com"
396,"Karina","Sisile","Karina.Sisile@yopmail.com"
397,"Jany","Hortensia","Jany.Hortensia@yopmail.com"
398,"Edith","Malina","Edith.Malina@yopmail.com"
399,"Shel","Dearborn","Shel.Dearborn@yopmail.com"
400,"Hayley","Lorenz","Hayley.Lorenz@yopmail.com"
401,"Annaliese","Saree","Annaliese.Saree@yopmail.com"
402,"Celisse","Shaver","Celisse.Shaver@yopmail.com"
403,"Giustina","Fancie","Giustina.Fancie@yopmail.com"
404,"Chandra","Alrich","Chandra.Alrich@yopmail.com"
405,"Aimil","Suzetta","Aimil.Suzetta@yopmail.com"
406,"Pearline","Carri","Pearline.Carri@yopmail.com"
407,"Barbi","Percy","Barbi.Percy@yopmail.com"
408,"Marcelline","Keelia","Marcelline.Keelia@yopmail.com"
409,"Hermione","Rubie","Hermione.Rubie@yopmail.com"
410,"Sabina","Rosemary","Sabina.Rosemary@yopmail.com"
411,"Tersina","Linskey","Tersina.Linskey@yopmail.com"
412,"Annice","Cyrie","Annice.Cyrie@yopmail.com"
413,"Selia","Katrine","Selia.Katrine@yopmail.com"
414,"Sam","Florina","Sam.Florina@yopmail.com"
415,"Gabriellia","Pyle","Gabriellia.Pyle@yopmail.com"
416,"Donnie","Faria","Donnie.Faria@yopmail.com"
417,"Alie","Podvin","Alie.Podvin@yopmail.com"
418,"Fernande","Pandolfi","Fernande.Pandolfi@yopmail.com"
419,"Jinny","Stav","Jinny.Stav@yopmail.com"
420,"Cassondra","Vins","Cassondra.Vins@yopmail.com"
421,"Daune","Wildermuth","Daune.Wildermuth@yopmail.com"
422,"Camile","Jammal","Camile.Jammal@yopmail.com"
423,"Selma","Verger","Selma.Verger@yopmail.com"
424,"Coral","Raama","Coral.Raama@yopmail.com"
425,"Cathie","Naashom","Cathie.Naashom@yopmail.com"
426,"Stephanie","Dash","Stephanie.Dash@yopmail.com"
427,"Isa","Hylan","Isa.Hylan@yopmail.com"
428,"Courtnay","Marijo","Courtnay.Marijo@yopmail.com"
429,"Gerianna","Sibyls","Gerianna.Sibyls@yopmail.com"
430,"Alex","Mallon","Alex.Mallon@yopmail.com"
431,"Andree","Suk","Andree.Suk@yopmail.com"
432,"Elena","Richers","Elena.Richers@yopmail.com"
433,"Courtnay","Wittie","Courtnay.Wittie@yopmail.com"
434,"Inga","Bibi","Inga.Bibi@yopmail.com"
435,"Dagmar","Suzetta","Dagmar.Suzetta@yopmail.com"
436,"Debee","Kenwood","Debee.Kenwood@yopmail.com"
437,"Aubrie","Carolin","Aubrie.Carolin@yopmail.com"
438,"Aili","Marcellus","Aili.Marcellus@yopmail.com"
439,"Mady","Marcellus","Mady.Marcellus@yopmail.com"
440,"Kylynn","Maryanne","Kylynn.Maryanne@yopmail.com"
441,"Devina","Hoenack","Devina.Hoenack@yopmail.com"
442,"Bernie","Brenn","Bernie.Brenn@yopmail.com"
443,"Dolli","Anderea","Dolli.Anderea@yopmail.com"
444,"Neila","Tremayne","Neila.Tremayne@yopmail.com"
445,"Juliane","Pip","Juliane.Pip@yopmail.com"
446,"Ardenia","Ventre","Ardenia.Ventre@yopmail.com"
447,"Joelly","Othilia","Joelly.Othilia@yopmail.com"
448,"Rosene","Lynn","Rosene.Lynn@yopmail.com"
449,"Jemie","Alva","Jemie.Alva@yopmail.com"
450,"Cissiee","Zamora","Cissiee.Zamora@yopmail.com"
451,"Camile","Olin","Camile.Olin@yopmail.com"
452,"Ardeen","Carri","Ardeen.Carri@yopmail.com"
453,"Rosene","Devlen","Rosene.Devlen@yopmail.com"
454,"Molli","Liebermann","Molli.Liebermann@yopmail.com"
455,"Kristina","Ackerley","Kristina.Ackerley@yopmail.com"
456,"Ardenia","Modie","Ardenia.Modie@yopmail.com"
457,"Ekaterina","Woodberry","Ekaterina.Woodberry@yopmail.com"
458,"Ezmeralda","Stefa","Ezmeralda.Stefa@yopmail.com"
459,"Beatriz","Matthew","Beatriz.Matthew@yopmail.com"
460,"Benita","Germann","Benita.Germann@yopmail.com"
461,"Caryl","Han","Caryl.Han@yopmail.com"
462,"Allis","Colleen","Allis.Colleen@yopmail.com"
463,"Kelly","Stoller","Kelly.Stoller@yopmail.com"
464,"Aimil","Ovid","Aimil.Ovid@yopmail.com"
465,"Brooks","Ephrem","Brooks.Ephrem@yopmail.com"
466,"Roseline","Newell","Roseline.Newell@yopmail.com"
467,"Paule","Zola","Paule.Zola@yopmail.com"
468,"Linzy","Tamar","Linzy.Tamar@yopmail.com"
469,"Gretal","Tamsky","Gretal.Tamsky@yopmail.com"
470,"Elfreda","Lacombe","Elfreda.Lacombe@yopmail.com"
471,"Misha","Yate","Misha.Yate@yopmail.com"
472,"Zia","Ovid","Zia.Ovid@yopmail.com"
473,"Andeee","Chapland","Andeee.Chapland@yopmail.com"
474,"Ana","Nedrud","Ana.Nedrud@yopmail.com"
475,"Jerry","Burkle","Jerry.Burkle@yopmail.com"
476,"Bernardine","August","Bernardine.August@yopmail.com"
477,"Carree","Shama","Carree.Shama@yopmail.com"
478,"Steffane","Morgun","Steffane.Morgun@yopmail.com"
479,"Sashenka","Joni","Sashenka.Joni@yopmail.com"
480,"Allis","Edison","Allis.Edison@yopmail.com"
481,"Selma","Naashom","Selma.Naashom@yopmail.com"
482,"Etta","Dalli","Etta.Dalli@yopmail.com"
483,"Heida","Birdella","Heida.Birdella@yopmail.com"
484,"Jean","Sekofski","Jean.Sekofski@yopmail.com"
485,"Chere","Tice","Chere.Tice@yopmail.com"
486,"Rochette","Sawtelle","Rochette.Sawtelle@yopmail.com"
487,"Josephine","Jenness","Josephine.Jenness@yopmail.com"
488,"Corly","Goode","Corly.Goode@yopmail.com"
489,"Laurene","Helfand","Laurene.Helfand@yopmail.com"
490,"Bee","Atonsah","Bee.Atonsah@yopmail.com"
491,"Ileana","Fabiola","Ileana.Fabiola@yopmail.com"
492,"Di","McClimans","Di.McClimans@yopmail.com"
493,"Adore","Kamaria","Adore.Kamaria@yopmail.com"
494,"Andree","Estella","Andree.Estella@yopmail.com"
495,"Alexine","Moina","Alexine.Moina@yopmail.com"
496,"Devina","Ioab","Devina.Ioab@yopmail.com"
497,"Aubrie","Belanger","Aubrie.Belanger@yopmail.com"
498,"Jere","Roxanna","Jere.Roxanna@yopmail.com"
499,"Adelle","Kussell","Adelle.Kussell@yopmail.com"
500,"Antonietta","Reinke","Antonietta.Reinke@yopmail.com"
501,"Lynea","Hourigan","Lynea.Hourigan@yopmail.com"
502,"Shaine","Durware","Shaine.Durware@yopmail.com"
503,"Merle","Lucienne","Merle.Lucienne@yopmail.com"
504,"Joceline","Catie","Joceline.Catie@yopmail.com"
505,"Maud","Swigart","Maud.Swigart@yopmail.com"
506,"Tamqrah","Orelee","Tamqrah.Orelee@yopmail.com"
507,"Lucy","Merna","Lucy.Merna@yopmail.com"
508,"Millie","Belldas","Millie.Belldas@yopmail.com"
509,"Grier","Noam","Grier.Noam@yopmail.com"
510,"Basia","Sheedy","Basia.Sheedy@yopmail.com"
511,"Glynnis","Leopold","Glynnis.Leopold@yopmail.com"
512,"Georgetta","Dawkins","Georgetta.Dawkins@yopmail.com"
513,"Dari","Schroth","Dari.Schroth@yopmail.com"
514,"Janenna","Uund","Janenna.Uund@yopmail.com"
515,"Christian","Ephrem","Christian.Ephrem@yopmail.com"
516,"Amara","Anderea","Amara.Anderea@yopmail.com"
517,"Karly","Lattie","Karly.Lattie@yopmail.com"
518,"Anallese","Clie","Anallese.Clie@yopmail.com"
519,"Melanie","Zola","Melanie.Zola@yopmail.com"
520,"Tybie","Latini","Tybie.Latini@yopmail.com"
521,"Aryn","Dominy","Aryn.Dominy@yopmail.com"
522,"Cecile","Lytton","Cecile.Lytton@yopmail.com"
523,"Millie","Schwejda","Millie.Schwejda@yopmail.com"
524,"Alex","Dituri","Alex.Dituri@yopmail.com"
525,"Elora","Tatianas","Elora.Tatianas@yopmail.com"
526,"Allyce","Cleo","Allyce.Cleo@yopmail.com"
527,"Amalie","Mathilde","Amalie.Mathilde@yopmail.com"
528,"Agnese","Gherardo","Agnese.Gherardo@yopmail.com"
529,"Blinni","Margret","Blinni.Margret@yopmail.com"
530,"Fredericka","Gabrielli","Fredericka.Gabrielli@yopmail.com"
531,"Glenda","LaRue","Glenda.LaRue@yopmail.com"
532,"Carilyn","Rosemary","Carilyn.Rosemary@yopmail.com"
533,"Augustine","Raama","Augustine.Raama@yopmail.com"
534,"Joeann","Adrienne","Joeann.Adrienne@yopmail.com"
535,"Claresta","Lane","Claresta.Lane@yopmail.com"
536,"Belinda","Gladstone","Belinda.Gladstone@yopmail.com"
537,"Hallie","Cloris","Hallie.Cloris@yopmail.com"
538,"Averyl","Hutchison","Averyl.Hutchison@yopmail.com"
539,"Lila","Rhu","Lila.Rhu@yopmail.com"
540,"Sallie","Hunfredo","Sallie.Hunfredo@yopmail.com"
541,"Cacilie","Jotham","Cacilie.Jotham@yopmail.com"
542,"Merry","Kermit","Merry.Kermit@yopmail.com"
543,"Nyssa","Ietta","Nyssa.Ietta@yopmail.com"
544,"Ariela","Maurine","Ariela.Maurine@yopmail.com"
545,"Dania","Rolf","Dania.Rolf@yopmail.com"
546,"Clarice","Niccolo","Clarice.Niccolo@yopmail.com"
547,"Reeba","Moina","Reeba.Moina@yopmail.com"
548,"Mellicent","Zaslow","Mellicent.Zaslow@yopmail.com"
549,"Mignon","Lattie","Mignon.Lattie@yopmail.com"
550,"Hannis","Terencio","Hannis.Terencio@yopmail.com"
551,"Glynnis","Yusuk","Glynnis.Yusuk@yopmail.com"
552,"Addia","Halla","Addia.Halla@yopmail.com"
553,"Anica","Rurik","Anica.Rurik@yopmail.com"
554,"Candi","Shaver","Candi.Shaver@yopmail.com"
555,"Jerry","Pattin","Jerry.Pattin@yopmail.com"
556,"Anallese","Knowling","Anallese.Knowling@yopmail.com"
557,"Elbertina","Tice","Elbertina.Tice@yopmail.com"
558,"Bobbi","Jaylene","Bobbi.Jaylene@yopmail.com"
559,"Rhoda","Latini","Rhoda.Latini@yopmail.com"
560,"Minda","Haymes","Minda.Haymes@yopmail.com"
561,"Daune","Isacco","Daune.Isacco@yopmail.com"
562,"Goldie","Dudley","Goldie.Dudley@yopmail.com"
563,"Asia","Gherardo","Asia.Gherardo@yopmail.com"
564,"Oona","Kaja","Oona.Kaja@yopmail.com"
565,"Barbi","Lindemann","Barbi.Lindemann@yopmail.com"
566,"Gilligan","Rolf","Gilligan.Rolf@yopmail.com"
567,"Collen","Daniele","Collen.Daniele@yopmail.com"
568,"Deedee","Corilla","Deedee.Corilla@yopmail.com"
569,"Carlie","Bettine","Carlie.Bettine@yopmail.com"
570,"Cathyleen","Sigfrid","Cathyleen.Sigfrid@yopmail.com"
571,"Fred","Graig","Fred.Graig@yopmail.com"
572,"Tiffie","Ochs","Tiffie.Ochs@yopmail.com"
573,"Merci","Laurianne","Merci.Laurianne@yopmail.com"
574,"Brena","Obed","Brena.Obed@yopmail.com"
575,"Trixi","Skurnik","Trixi.Skurnik@yopmail.com"
576,"Nannie","Gino","Nannie.Gino@yopmail.com"
577,"Marsiella","Pitt","Marsiella.Pitt@yopmail.com"
578,"Elise","Ulphia","Elise.Ulphia@yopmail.com"
579,"Norine","Elbertina","Norine.Elbertina@yopmail.com"
580,"Hermione","Weide","Hermione.Weide@yopmail.com"
581,"Charlena","Breed","Charlena.Breed@yopmail.com"
582,"Andree","Koziara","Andree.Koziara@yopmail.com"
583,"Amii","Lail","Amii.Lail@yopmail.com"
584,"Robbi","Reneta","Robbi.Reneta@yopmail.com"
585,"Odessa","Rillings","Odessa.Rillings@yopmail.com"
586,"Elie","Brackely","Elie.Brackely@yopmail.com"
587,"Briney","Hertzfeld","Briney.Hertzfeld@yopmail.com"
588,"Teddie","Cristi","Teddie.Cristi@yopmail.com"
589,"Heida","Sisile","Heida.Sisile@yopmail.com"
590,"Hettie","Ursulette","Hettie.Ursulette@yopmail.com"
591,"Jessamyn","Friede","Jessamyn.Friede@yopmail.com"
592,"Lizzie","Jammal","Lizzie.Jammal@yopmail.com"
593,"Deloria","Cutlerr","Deloria.Cutlerr@yopmail.com"
594,"Sybille","McLaughlin","Sybille.McLaughlin@yopmail.com"
595,"Jinny","Naashom","Jinny.Naashom@yopmail.com"
596,"Dari","Agle","Dari.Agle@yopmail.com"
597,"Willetta","Belldas","Willetta.Belldas@yopmail.com"
598,"Justinn","Krystle","Justinn.Krystle@yopmail.com"
599,"Berget","Hirsch","Berget.Hirsch@yopmail.com"
600,"Gretal","Bonilla","Gretal.Bonilla@yopmail.com"
601,"Beth","Audly","Beth.Audly@yopmail.com"
602,"Halette","Jillane","Halette.Jillane@yopmail.com"
603,"Margarette","Dorothy","Margarette.Dorothy@yopmail.com"
604,"Britni","Eliathas","Britni.Eliathas@yopmail.com"
605,"Dulcinea","Hebner","Dulcinea.Hebner@yopmail.com"
606,"Alejandra","Cornelia","Alejandra.Cornelia@yopmail.com"
607,"Annabela","Gabrielli","Annabela.Gabrielli@yopmail.com"
608,"Doro","Johnsson","Doro.Johnsson@yopmail.com"
609,"Carolina","Carbo","Carolina.Carbo@yopmail.com"
610,"Aeriela","Connelly","Aeriela.Connelly@yopmail.com"
611,"Mariann","Holtz","Mariann.Holtz@yopmail.com"
612,"Robbi","Bakerman","Robbi.Bakerman@yopmail.com"
613,"Imojean","Hashim","Imojean.Hashim@yopmail.com"
614,"Janis","Marcellus","Janis.Marcellus@yopmail.com"
615,"Kylynn","Thomasina","Kylynn.Thomasina@yopmail.com"
616,"Rosaline","Nicoline","Rosaline.Nicoline@yopmail.com"
617,"Maye","Kannry","Maye.Kannry@yopmail.com"
618,"Althea","Hunfredo","Althea.Hunfredo@yopmail.com"
619,"Merci","Clara","Merci.Clara@yopmail.com"
620,"Adele","Hanshaw","Adele.Hanshaw@yopmail.com"
621,"Nariko","Wattenberg","Nariko.Wattenberg@yopmail.com"
622,"Bill","Mich","Bill.Mich@yopmail.com"
623,"Inga","Camden","Inga.Camden@yopmail.com"
624,"Angelique","Auberbach","Angelique.Auberbach@yopmail.com"
625,"Lucy","Leary","Lucy.Leary@yopmail.com"
626,"Amara","Aloise","Amara.Aloise@yopmail.com"
627,"Kaja","Bach","Kaja.Bach@yopmail.com"
628,"Dode","Chinua","Dode.Chinua@yopmail.com"
629,"Kristan","Ortrude","Kristan.Ortrude@yopmail.com"
630,"Belva","Levey","Belva.Levey@yopmail.com"
631,"Raina","Delp","Raina.Delp@yopmail.com"
632,"Aaren","Rustice","Aaren.Rustice@yopmail.com"
633,"Keelia","Alva","Keelia.Alva@yopmail.com"
634,"Reeba","Fulmer","Reeba.Fulmer@yopmail.com"
635,"Cassondra","Audly","Cassondra.Audly@yopmail.com"
636,"Petronia","Seagraves","Petronia.Seagraves@yopmail.com"
637,"Cissiee","Kare","Cissiee.Kare@yopmail.com"
638,"Alexine","Ophelia","Alexine.Ophelia@yopmail.com"
639,"Binny","Frodi","Binny.Frodi@yopmail.com"
640,"Harrietta","Maisey","Harrietta.Maisey@yopmail.com"
641,"Anallese","Halla","Anallese.Halla@yopmail.com"
642,"Ann-Marie","Maurine","Ann-Marie.Maurine@yopmail.com"
643,"Gavrielle","Kellby","Gavrielle.Kellby@yopmail.com"
644,"Christal","Goth","Christal.Goth@yopmail.com"
645,"Stevana","Henebry","Stevana.Henebry@yopmail.com"
646,"Edyth","Argus","Edyth.Argus@yopmail.com"
647,"Kassey","Amasa","Kassey.Amasa@yopmail.com"
648,"Doro","Tybald","Doro.Tybald@yopmail.com"
649,"Tani","Greenwald","Tani.Greenwald@yopmail.com"
650,"Sonni","Regan","Sonni.Regan@yopmail.com"
651,"Bernardine","Bates","Bernardine.Bates@yopmail.com"
652,"Bettine","Lorenz","Bettine.Lorenz@yopmail.com"
653,"Sam","Cookie","Sam.Cookie@yopmail.com"
654,"Adele","Japeth","Adele.Japeth@yopmail.com"
655,"Sashenka","Even","Sashenka.Even@yopmail.com"
656,"Mellicent","Shama","Mellicent.Shama@yopmail.com"
657,"Cassondra","Olympium","Cassondra.Olympium@yopmail.com"
658,"Farrah","Linehan","Farrah.Linehan@yopmail.com"
659,"Ingrid","McLaughlin","Ingrid.McLaughlin@yopmail.com"
660,"Jere","Sabella","Jere.Sabella@yopmail.com"
661,"Agnese","Manolo","Agnese.Manolo@yopmail.com"
662,"Bettine","Gusella","Bettine.Gusella@yopmail.com"
663,"Britte","Helfand","Britte.Helfand@yopmail.com"
664,"Shell","Ortrude","Shell.Ortrude@yopmail.com"
665,"Dari","Hermes","Dari.Hermes@yopmail.com"
666,"Wynne","Zrike","Wynne.Zrike@yopmail.com"
667,"Beatriz","Hylan","Beatriz.Hylan@yopmail.com"
668,"Lory","Dash","Lory.Dash@yopmail.com"
669,"Cissiee","Lytton","Cissiee.Lytton@yopmail.com"
670,"Elka","Huggins","Elka.Huggins@yopmail.com"
671,"Jere","Therine","Jere.Therine@yopmail.com"
672,"Augustine","Francyne","Augustine.Francyne@yopmail.com"
673,"Clo","Cherianne","Clo.Cherianne@yopmail.com"
674,"Kelly","Kaete","Kelly.Kaete@yopmail.com"
675,"Cam","Beebe","Cam.Beebe@yopmail.com"
676,"Amelia","Durware","Amelia.Durware@yopmail.com"
677,"Bertine","Bultman","Bertine.Bultman@yopmail.com"
678,"Ira","Helve","Ira.Helve@yopmail.com"
679,"Minda","MacIntosh","Minda.MacIntosh@yopmail.com"
680,"Cyb","Ivens","Cyb.Ivens@yopmail.com"
681,"Angela","Bearnard","Angela.Bearnard@yopmail.com"
682,"Leontine","Dominy","Leontine.Dominy@yopmail.com"
683,"Carree","Bach","Carree.Bach@yopmail.com"
684,"Aryn","Arvo","Aryn.Arvo@yopmail.com"
685,"Helsa","Gunn","Helsa.Gunn@yopmail.com"
686,"Emilia","Rad","Emilia.Rad@yopmail.com"
687,"Chandra","Brodench","Chandra.Brodench@yopmail.com"
688,"Amara","Beebe","Amara.Beebe@yopmail.com"
689,"Perry","Dudley","Perry.Dudley@yopmail.com"
690,"Sallie","Yorick","Sallie.Yorick@yopmail.com"
691,"Dacia","Saree","Dacia.Saree@yopmail.com"
692,"Johna","Terencio","Johna.Terencio@yopmail.com"
693,"Nessie","Agle","Nessie.Agle@yopmail.com"
694,"Anica","Pierette","Anica.Pierette@yopmail.com"
695,"Angela","Claudine","Angela.Claudine@yopmail.com"
696,"Brietta","Stanwood","Brietta.Stanwood@yopmail.com"
697,"Gui","Turne","Gui.Turne@yopmail.com"
698,"Jaclyn","Tarrant","Jaclyn.Tarrant@yopmail.com"
699,"Margarette","McCutcheon","Margarette.McCutcheon@yopmail.com"
700,"Noelle","Grayce","Noelle.Grayce@yopmail.com"
701,"Lusa","Alisia","Lusa.Alisia@yopmail.com"
702,"Joane","Yam","Joane.Yam@yopmail.com"
703,"Petronia","Tamsky","Petronia.Tamsky@yopmail.com"
704,"Madelle","Milde","Madelle.Milde@yopmail.com"
705,"Janenna","Croix","Janenna.Croix@yopmail.com"
706,"Romona","Vorster","Romona.Vorster@yopmail.com"
707,"Dari","Tufts","Dari.Tufts@yopmail.com"
708,"Netty","Allina","Netty.Allina@yopmail.com"
709,"Kelly","Celestine","Kelly.Celestine@yopmail.com"
710,"Rivalee","Bandeen","Rivalee.Bandeen@yopmail.com"
711,"Shirlee","Anselmi","Shirlee.Anselmi@yopmail.com"
712,"Sue","Tice","Sue.Tice@yopmail.com"
713,"Sam","Verger","Sam.Verger@yopmail.com"
714,"Sherrie","Alcott","Sherrie.Alcott@yopmail.com"
715,"Marinna","Bartlett","Marinna.Bartlett@yopmail.com"
716,"Maye","McLaughlin","Maye.McLaughlin@yopmail.com"
717,"Patricia","Septima","Patricia.Septima@yopmail.com"
718,"Susan","Evangelia","Susan.Evangelia@yopmail.com"
719,"Flory","Sawtelle","Flory.Sawtelle@yopmail.com"
720,"Marinna","Ortrude","Marinna.Ortrude@yopmail.com"
721,"Winny","Arley","Winny.Arley@yopmail.com"
722,"Orsola","Martguerita","Orsola.Martguerita@yopmail.com"
723,"Sheree","Desai","Sheree.Desai@yopmail.com"
724,"Katleen","Parette","Katleen.Parette@yopmail.com"
725,"Kylynn","Uund","Kylynn.Uund@yopmail.com"
726,"Loree","Bertold","Loree.Bertold@yopmail.com"
727,"Marcy","Melleta","Marcy.Melleta@yopmail.com"
728,"Viki","Skell","Viki.Skell@yopmail.com"
729,"Sean","Dituri","Sean.Dituri@yopmail.com"
730,"Wynne","Silvan","Wynne.Silvan@yopmail.com"
731,"Ekaterina","Kenney","Ekaterina.Kenney@yopmail.com"
732,"Etta","Bergman","Etta.Bergman@yopmail.com"
733,"Magdalena","Alabaster","Magdalena.Alabaster@yopmail.com"
734,"Mariann","Stoller","Mariann.Stoller@yopmail.com"
735,"Sybille","Brunell","Sybille.Brunell@yopmail.com"
736,"Jaclyn","Kenwood","Jaclyn.Kenwood@yopmail.com"
737,"Konstance","Vary","Konstance.Vary@yopmail.com"
738,"Regina","Nikaniki","Regina.Nikaniki@yopmail.com"
739,"Silvana","Judye","Silvana.Judye@yopmail.com"
740,"Trixi","Gemini","Trixi.Gemini@yopmail.com"
741,"Susan","Garlinda","Susan.Garlinda@yopmail.com"
742,"Lynnea","Sikorski","Lynnea.Sikorski@yopmail.com"
743,"Corry","McClimans","Corry.McClimans@yopmail.com"
744,"Yolane","Carri","Yolane.Carri@yopmail.com"
745,"Gilda","Weaks","Gilda.Weaks@yopmail.com"
746,"Fidelia","Buckler","Fidelia.Buckler@yopmail.com"
747,"Priscilla","Mathilde","Priscilla.Mathilde@yopmail.com"
748,"Eve","Keily","Eve.Keily@yopmail.com"
749,"Korrie","Pattin","Korrie.Pattin@yopmail.com"
750,"Maisey","Goldina","Maisey.Goldina@yopmail.com"
751,"Sue","Guildroy","Sue.Guildroy@yopmail.com"
752,"Etta","Septima","Etta.Septima@yopmail.com"
753,"Frank","Desai","Frank.Desai@yopmail.com"
754,"Minda","Pattin","Minda.Pattin@yopmail.com"
755,"Rivalee","Loring","Rivalee.Loring@yopmail.com"
756,"Kore","Merriott","Kore.Merriott@yopmail.com"
757,"Roxane","Koehler","Roxane.Koehler@yopmail.com"
758,"Bibby","Tannie","Bibby.Tannie@yopmail.com"
759,"Stephanie","Japeth","Stephanie.Japeth@yopmail.com"
760,"Meghann","Azeria","Meghann.Azeria@yopmail.com"
761,"Sashenka","Pernick","Sashenka.Pernick@yopmail.com"
762,"Heddie","Ethban","Heddie.Ethban@yopmail.com"
763,"Ileana","Mullane","Ileana.Mullane@yopmail.com"
764,"Marnia","Love","Marnia.Love@yopmail.com"
765,"Shandie","Dawkins","Shandie.Dawkins@yopmail.com"
766,"Sybille","Esmaria","Sybille.Esmaria@yopmail.com"
767,"Phylis","Calhoun","Phylis.Calhoun@yopmail.com"
768,"Lynnea","Arquit","Lynnea.Arquit@yopmail.com"
769,"Jinny","Klotz","Jinny.Klotz@yopmail.com"
770,"Kelly","O'Neill","Kelly.O'Neill@yopmail.com"
771,"Consuela","Annabella","Consuela.Annabella@yopmail.com"
772,"Renae","Gaynor","Renae.Gaynor@yopmail.com"
773,"Zsa Zsa","Natica","Zsa Zsa.Natica@yopmail.com"
774,"Genovera","Chrystel","Genovera.Chrystel@yopmail.com"
775,"Laure","Lumbard","Laure.Lumbard@yopmail.com"
776,"Sheelagh","Fancie","Sheelagh.Fancie@yopmail.com"
777,"Doralynne","Dowski","Doralynne.Dowski@yopmail.com"
778,"Tami","Georgy","Tami.Georgy@yopmail.com"
779,"Blinni","Kermit","Blinni.Kermit@yopmail.com"
780,"Vere","Brunell","Vere.Brunell@yopmail.com"
781,"Kore","Genna","Kore.Genna@yopmail.com"
782,"Elvira","Maroney","Elvira.Maroney@yopmail.com"
783,"Larine","Vivle","Larine.Vivle@yopmail.com"
784,"Coral","Armanda","Coral.Armanda@yopmail.com"
785,"Grier","Ummersen","Grier.Ummersen@yopmail.com"
786,"Noelle","Hailee","Noelle.Hailee@yopmail.com"
787,"Nadine","Rossner","Nadine.Rossner@yopmail.com"
788,"Zondra","Mike","Zondra.Mike@yopmail.com"
789,"Sophia","Bertold","Sophia.Bertold@yopmail.com"
790,"Valli","Rese","Valli.Rese@yopmail.com"
791,"Sybille","McClimans","Sybille.McClimans@yopmail.com"
792,"Roslyn","Gunn","Roslyn.Gunn@yopmail.com"
793,"Sissy","Auberbach","Sissy.Auberbach@yopmail.com"
794,"Sissy","Yorick","Sissy.Yorick@yopmail.com"
795,"Gilda","Infield","Gilda.Infield@yopmail.com"
796,"Misha","Malina","Misha.Malina@yopmail.com"
797,"Nikki","Hull","Nikki.Hull@yopmail.com"
798,"Penelopa","Yerkovich","Penelopa.Yerkovich@yopmail.com"
799,"Winny","Kravits","Winny.Kravits@yopmail.com"
800,"Carly","Janene","Carly.Janene@yopmail.com"
801,"Kaia","Taam","Kaia.Taam@yopmail.com"
802,"Pierette","Bari","Pierette.Bari@yopmail.com"
803,"Emylee","Redmond","Emylee.Redmond@yopmail.com"
804,"Jaclyn","Schlosser","Jaclyn.Schlosser@yopmail.com"
805,"Rhea","Viddah","Rhea.Viddah@yopmail.com"
806,"Oona","Chesna","Oona.Chesna@yopmail.com"
807,"Talya","Bettine","Talya.Bettine@yopmail.com"
808,"Misha","Garek","Misha.Garek@yopmail.com"
809,"Loree","Elvyn","Loree.Elvyn@yopmail.com"
810,"Estell","Zuzana","Estell.Zuzana@yopmail.com"
811,"Jenilee","Greyson","Jenilee.Greyson@yopmail.com"
812,"Stephanie","Agle","Stephanie.Agle@yopmail.com"
813,"Ricky","Amand","Ricky.Amand@yopmail.com"
814,"Wendi","Richers","Wendi.Richers@yopmail.com"
815,"Zaria","Durware","Zaria.Durware@yopmail.com"
816,"Sharlene","Luhe","Sharlene.Luhe@yopmail.com"
817,"Nonnah","Mullane","Nonnah.Mullane@yopmail.com"
818,"Tracey","Martguerita","Tracey.Martguerita@yopmail.com"
819,"Lory","Kosey","Lory.Kosey@yopmail.com"
820,"Vonny","Hathaway","Vonny.Hathaway@yopmail.com"
821,"Kayla","Emmy","Kayla.Emmy@yopmail.com"
822,"Dennie","Emmaline","Dennie.Emmaline@yopmail.com"
823,"Devina","Lilas","Devina.Lilas@yopmail.com"
824,"Shandie","Koziara","Shandie.Koziara@yopmail.com"
825,"Madeleine","Kussell","Madeleine.Kussell@yopmail.com"
826,"Fanchon","Eachern","Fanchon.Eachern@yopmail.com"
827,"Nonnah","Delila","Nonnah.Delila@yopmail.com"
828,"Frank","Zeeba","Frank.Zeeba@yopmail.com"
829,"Joceline","Ursulette","Joceline.Ursulette@yopmail.com"
830,"Lita","Swanhildas","Lita.Swanhildas@yopmail.com"
831,"Merry","Henebry","Merry.Henebry@yopmail.com"
832,"Elora","Hermes","Elora.Hermes@yopmail.com"
833,"Hannis","Madox","Hannis.Madox@yopmail.com"
834,"Ilse","Gamaliel","Ilse.Gamaliel@yopmail.com"
835,"Misha","Ferrell","Misha.Ferrell@yopmail.com"
836,"Heddie","Edvard","Heddie.Edvard@yopmail.com"
837,"Pearline","Chapland","Pearline.Chapland@yopmail.com"
838,"Elfreda","Stuart","Elfreda.Stuart@yopmail.com"
839,"Peri","Uund","Peri.Uund@yopmail.com"
840,"Queenie","Haldas","Queenie.Haldas@yopmail.com"
841,"Carree","Cynar","Carree.Cynar@yopmail.com"
842,"Philis","Sawtelle","Philis.Sawtelle@yopmail.com"
843,"Demetris","Velick","Demetris.Velick@yopmail.com"
844,"Elora","Rosemary","Elora.Rosemary@yopmail.com"
845,"Margette","Wesle","Margette.Wesle@yopmail.com"
846,"Dianemarie","Ferrell","Dianemarie.Ferrell@yopmail.com"
847,"Mariele","Judye","Mariele.Judye@yopmail.com"
848,"Rochette","Laurianne","Rochette.Laurianne@yopmail.com"
849,"Kirstin","Etom","Kirstin.Etom@yopmail.com"
850,"Lauryn","Karl","Lauryn.Karl@yopmail.com"
851,"Taffy","Olympium","Taffy.Olympium@yopmail.com"
852,"Christy","O'Carroll","Christy.O'Carroll@yopmail.com"
853,"Shauna","Ioab","Shauna.Ioab@yopmail.com"
854,"Sissy","Bari","Sissy.Bari@yopmail.com"
855,"Valli","Blisse","Valli.Blisse@yopmail.com"
856,"Selma","McCutcheon","Selma.McCutcheon@yopmail.com"
857,"Madelle","Westphal","Madelle.Westphal@yopmail.com"
858,"Olwen","Uund","Olwen.Uund@yopmail.com"
859,"Silvana","Zachary","Silvana.Zachary@yopmail.com"
860,"Dorthy","Noman","Dorthy.Noman@yopmail.com"
861,"Evita","Silvan","Evita.Silvan@yopmail.com"
862,"Nickie","Kiersten","Nickie.Kiersten@yopmail.com"
863,"Loree","Lutero","Loree.Lutero@yopmail.com"
864,"Lynnea","Bennie","Lynnea.Bennie@yopmail.com"
865,"Mathilda","Torray","Mathilda.Torray@yopmail.com"
866,"Myrtice","Oriana","Myrtice.Oriana@yopmail.com"
867,"Regina","Roumell","Regina.Roumell@yopmail.com"
868,"Roberta","My","Roberta.My@yopmail.com"
869,"Mildrid","Brandice","Mildrid.Brandice@yopmail.com"
870,"Michaelina","Gale","Michaelina.Gale@yopmail.com"
871,"Doro","Brodench","Doro.Brodench@yopmail.com"
872,"Carmela","Fancie","Carmela.Fancie@yopmail.com"
873,"Fidelia","Socha","Fidelia.Socha@yopmail.com"
874,"Sara-Ann","Wadell","Sara-Ann.Wadell@yopmail.com"
875,"Sashenka","Fry","Sashenka.Fry@yopmail.com"
876,"Letizia","Margret","Letizia.Margret@yopmail.com"
877,"Nataline","Rosette","Nataline.Rosette@yopmail.com"
878,"Dominga","Ventre","Dominga.Ventre@yopmail.com"
879,"Elena","McGrody","Elena.McGrody@yopmail.com"
880,"Elsie","Lucienne","Elsie.Lucienne@yopmail.com"
881,"Daphne","Lareena","Daphne.Lareena@yopmail.com"
882,"Danika","Quinn","Danika.Quinn@yopmail.com"
883,"Gretal","Pelagias","Gretal.Pelagias@yopmail.com"
884,"Ingrid","Harl","Ingrid.Harl@yopmail.com"
885,"Sam","Gibbeon","Sam.Gibbeon@yopmail.com"
886,"Nicoli","Seligman","Nicoli.Seligman@yopmail.com"
887,"Brynna","Guildroy","Brynna.Guildroy@yopmail.com"
888,"Gusella","Ailyn","Gusella.Ailyn@yopmail.com"
889,"Melina","Revkah","Melina.Revkah@yopmail.com"
890,"Yolane","Kevon","Yolane.Kevon@yopmail.com"
891,"Consuela","Yusuk","Consuela.Yusuk@yopmail.com"
892,"Fernande","McNully","Fernande.McNully@yopmail.com"
893,"Eolanda","Sheng","Eolanda.Sheng@yopmail.com"
894,"Zsa Zsa","Bari","Zsa Zsa.Bari@yopmail.com"
895,"Raf","McCutcheon","Raf.McCutcheon@yopmail.com"
896,"Karlee","Meli","Karlee.Meli@yopmail.com"
897,"Livvyy","Decato","Livvyy.Decato@yopmail.com"
898,"Merci","Torray","Merci.Torray@yopmail.com"
899,"Rebeca","Winnick","Rebeca.Winnick@yopmail.com"
900,"Renie","Pulsifer","Renie.Pulsifer@yopmail.com"
901,"Trixi","Oriana","Trixi.Oriana@yopmail.com"
902,"Kary","Telfer","Kary.Telfer@yopmail.com"
903,"Henriette","Janith","Henriette.Janith@yopmail.com"
904,"Delilah","Montgomery","Delilah.Montgomery@yopmail.com"
905,"Hannis","Wyn","Hannis.Wyn@yopmail.com"
906,"Stevana","Henrie","Stevana.Henrie@yopmail.com"
907,"Sue","Adrienne","Sue.Adrienne@yopmail.com"
908,"Jordan","Loring","Jordan.Loring@yopmail.com"
909,"Heida","Duwalt","Heida.Duwalt@yopmail.com"
910,"Eadie","Wattenberg","Eadie.Wattenberg@yopmail.com"
911,"Kassey","Liebermann","Kassey.Liebermann@yopmail.com"
912,"Leona","Ralfston","Leona.Ralfston@yopmail.com"
913,"Willetta","Sparhawk","Willetta.Sparhawk@yopmail.com"
914,"Lonnie","Cohdwell","Lonnie.Cohdwell@yopmail.com"
915,"Emelina","Kimmie","Emelina.Kimmie@yopmail.com"
916,"Susan","Christal","Susan.Christal@yopmail.com"
917,"Tilly","Nahum","Tilly.Nahum@yopmail.com"
918,"Aurelie","Jalbert","Aurelie.Jalbert@yopmail.com"
919,"Kial","Autrey","Kial.Autrey@yopmail.com"
920,"Trixi","Hollingsworth","Trixi.Hollingsworth@yopmail.com"
921,"Caritta","Jefferey","Caritta.Jefferey@yopmail.com"
922,"Zia","Wildermuth","Zia.Wildermuth@yopmail.com"
923,"Lauryn","Rogerio","Lauryn.Rogerio@yopmail.com"
924,"Susette","Alarise","Susette.Alarise@yopmail.com"
925,"Ebonee","Gabrielli","Ebonee.Gabrielli@yopmail.com"
926,"Tarra","Bouchard","Tarra.Bouchard@yopmail.com"
927,"Frank","Brieta","Frank.Brieta@yopmail.com"
928,"Jackie","Lay","Jackie.Lay@yopmail.com"
929,"Blinni","Allare","Blinni.Allare@yopmail.com"
930,"Dominga","Jalbert","Dominga.Jalbert@yopmail.com"
931,"Donetta","Sandye","Donetta.Sandye@yopmail.com"
932,"Angelique","Justinn","Angelique.Justinn@yopmail.com"
933,"Darlleen","Berl","Darlleen.Berl@yopmail.com"
934,"Marcelline","Peg","Marcelline.Peg@yopmail.com"
935,"Tonia","Knowling","Tonia.Knowling@yopmail.com"
936,"Lenna","Barrus","Lenna.Barrus@yopmail.com"
937,"Merrie","Lilybelle","Merrie.Lilybelle@yopmail.com"
938,"Therine","Hortensia","Therine.Hortensia@yopmail.com"
939,"Angela","Craggie","Angela.Craggie@yopmail.com"
940,"Janis","Pierette","Janis.Pierette@yopmail.com"
941,"Tiffie","Johnsson","Tiffie.Johnsson@yopmail.com"
942,"Gertrud","Naor","Gertrud.Naor@yopmail.com"
943,"Renae","Heidt","Renae.Heidt@yopmail.com"
944,"Flory","Aloise","Flory.Aloise@yopmail.com"
945,"Wendi","Chem","Wendi.Chem@yopmail.com"
946,"Sherrie","Chabot","Sherrie.Chabot@yopmail.com"
947,"Vere","Bury","Vere.Bury@yopmail.com"
948,"Ninnetta","Deegan","Ninnetta.Deegan@yopmail.com"
949,"Monika","Leary","Monika.Leary@yopmail.com"
950,"Myrtice","Chandler","Myrtice.Chandler@yopmail.com"
951,"Mireielle","Koziara","Mireielle.Koziara@yopmail.com"
952,"Sallie","Lail","Sallie.Lail@yopmail.com"
953,"Cathyleen","Caitlin","Cathyleen.Caitlin@yopmail.com"
954,"Gretal","Jotham","Gretal.Jotham@yopmail.com"
955,"Keelia","Kauppi","Keelia.Kauppi@yopmail.com"
956,"Rosene","Evangelia","Rosene.Evangelia@yopmail.com"
957,"Cam","Michella","Cam.Michella@yopmail.com"
958,"Kittie","Fax","Kittie.Fax@yopmail.com"
959,"Andeee","Devlen","Andeee.Devlen@yopmail.com"
960,"Celestyna","Berl","Celestyna.Berl@yopmail.com"
961,"Meriel","Albertine","Meriel.Albertine@yopmail.com"
962,"Nataline","Sherrie","Nataline.Sherrie@yopmail.com"
963,"Sherrie","Ashely","Sherrie.Ashely@yopmail.com"
964,"Tori","Stacy","Tori.Stacy@yopmail.com"
965,"Paola","Swigart","Paola.Swigart@yopmail.com"
966,"Jackie","Jena","Jackie.Jena@yopmail.com"
967,"Esmeralda","Travax","Esmeralda.Travax@yopmail.com"
968,"Maridel","Clywd","Maridel.Clywd@yopmail.com"
969,"Imojean","Sekofski","Imojean.Sekofski@yopmail.com"
970,"Rubie","Marden","Rubie.Marden@yopmail.com"
971,"Goldie","Sophronia","Goldie.Sophronia@yopmail.com"
972,"Mignon","Waldron","Mignon.Waldron@yopmail.com"
973,"Heida","Erich","Heida.Erich@yopmail.com"
974,"Ida","Pettiford","Ida.Pettiford@yopmail.com"
975,"Mireielle","Sheedy","Mireielle.Sheedy@yopmail.com"
976,"Marylou","Mozelle","Marylou.Mozelle@yopmail.com"
977,"Bettine","Lareena","Bettine.Lareena@yopmail.com"
978,"Andeee","Anselmi","Andeee.Anselmi@yopmail.com"
979,"Feliza","Zetta","Feliza.Zetta@yopmail.com"
980,"Judy","Shanley","Judy.Shanley@yopmail.com"
981,"Bobinette","Demitria","Bobinette.Demitria@yopmail.com"
982,"Britte","Joli","Britte.Joli@yopmail.com"
983,"Ileana","Zenas","Ileana.Zenas@yopmail.com"
984,"Delilah","Edison","Delilah.Edison@yopmail.com"
985,"Sabina","Tillford","Sabina.Tillford@yopmail.com"
986,"Miquela","Reidar","Miquela.Reidar@yopmail.com"
987,"Neila","Bertold","Neila.Bertold@yopmail.com"
988,"Lesly","Arquit","Lesly.Arquit@yopmail.com"
989,"Sibella","Nadia","Sibella.Nadia@yopmail.com"
990,"Tersina","Louanna","Tersina.Louanna@yopmail.com"
991,"Ninnetta","Tjon","Ninnetta.Tjon@yopmail.com"
992,"Iseabal","Leopold","Iseabal.Leopold@yopmail.com"
993,"Libbie","Juan","Libbie.Juan@yopmail.com"
994,"Mary","Klemperer","Mary.Klemperer@yopmail.com"
995,"Maryellen","Eugenia","Maryellen.Eugenia@yopmail.com"
996,"Margalo","Vorster","Margalo.Vorster@yopmail.com"
997,"Sissy","Kelula","Sissy.Kelula@yopmail.com"
998,"Nyssa","Libna","Nyssa.Libna@yopmail.com"
999,"Ninnetta","Oneida","Ninnetta.Oneida@yopmail.com"
1000,"Daryl","Cordi","Daryl.Cordi@yopmail.com"
1001,"Jean","Ogren","Jean.Ogren@yopmail.com"
1002,"Cordi","Madox","Cordi.Madox@yopmail.com"
1003,"Katleen","Lewes","Katleen.Lewes@yopmail.com"
1004,"Nadine","Llovera","Nadine.Llovera@yopmail.com"
1005,"Demetris","Ade","Demetris.Ade@yopmail.com"
1006,"Margalo","Lucienne","Margalo.Lucienne@yopmail.com"
1007,"Talya","Jacqui","Talya.Jacqui@yopmail.com"
1008,"Nanete","Alabaster","Nanete.Alabaster@yopmail.com"
1009,"Madelle","Camden","Madelle.Camden@yopmail.com"
1010,"Mallory","Pulsifer","Mallory.Pulsifer@yopmail.com"
1011,"Sallie","Dielu","Sallie.Dielu@yopmail.com"
1012,"Emmey","Maxi","Emmey.Maxi@yopmail.com"
1013,"Gwenneth","Kylander","Gwenneth.Kylander@yopmail.com"
1014,"Patricia","Ventre","Patricia.Ventre@yopmail.com"
1015,"Verla","Ursulette","Verla.Ursulette@yopmail.com"
1016,"Zsa Zsa","Nikaniki","Zsa Zsa.Nikaniki@yopmail.com"
1017,"Misha","Bonilla","Misha.Bonilla@yopmail.com"
1018,"Mureil","Oriana","Mureil.Oriana@yopmail.com"
1019,"Mara","Shuler","Mara.Shuler@yopmail.com"
1020,"Mellicent","Slifka","Mellicent.Slifka@yopmail.com"
1021,"Margette","Tamsky","Margette.Tamsky@yopmail.com"
1022,"Sandie","Saint","Sandie.Saint@yopmail.com"
1023,"Miquela","Timon","Miquela.Timon@yopmail.com"
1024,"Marti","Jarib","Marti.Jarib@yopmail.com"
1025,"Stacey","Jaylene","Stacey.Jaylene@yopmail.com"
1026,"Mellicent","Virgin","Mellicent.Virgin@yopmail.com"
1027,"Morganica","Haerr","Morganica.Haerr@yopmail.com"
1028,"Mariann","Hedve","Mariann.Hedve@yopmail.com"
1029,"Lelah","Toni","Lelah.Toni@yopmail.com"
1030,"Glenda","Damarra","Glenda.Damarra@yopmail.com"
1031,"Jorry","Ax","Jorry.Ax@yopmail.com"
1032,"Yetty","Sherfield","Yetty.Sherfield@yopmail.com"
1033,"Belinda","Anis","Belinda.Anis@yopmail.com"
1034,"Bobbi","Ambrosia","Bobbi.Ambrosia@yopmail.com"
1035,"Dianemarie","Cath","Dianemarie.Cath@yopmail.com"
1036,"Sharlene","Gordon","Sharlene.Gordon@yopmail.com"
1037,"Marika","Etom","Marika.Etom@yopmail.com"
1038,"Feliza","Moina","Feliza.Moina@yopmail.com"
1039,"Taffy","Rese","Taffy.Rese@yopmail.com"
1040,"Leanna","Madelene","Leanna.Madelene@yopmail.com"
1041,"Nelle","Prouty","Nelle.Prouty@yopmail.com"
1042,"Mildrid","Bakerman","Mildrid.Bakerman@yopmail.com"
1043,"Krystle","Ashok","Krystle.Ashok@yopmail.com"
1044,"Lindie","Daniele","Lindie.Daniele@yopmail.com"
1045,"Reeba","Romelda","Reeba.Romelda@yopmail.com"
1046,"Marylou","Seessel","Marylou.Seessel@yopmail.com"
1047,"Tressa","Jena","Tressa.Jena@yopmail.com"
1048,"Cordi","Dielu","Cordi.Dielu@yopmail.com"
1049,"Dorthy","Roscoe","Dorthy.Roscoe@yopmail.com"
1050,"Tatiania","Carri","Tatiania.Carri@yopmail.com"
1051,"Rebeca","Lynn","Rebeca.Lynn@yopmail.com"
1052,"Tabbatha","Peti","Tabbatha.Peti@yopmail.com"
1053,"Rhoda","Glenden","Rhoda.Glenden@yopmail.com"
1054,"Viviene","Autrey","Viviene.Autrey@yopmail.com"
1055,"Nyssa","Esmaria","Nyssa.Esmaria@yopmail.com"
1056,"Rubie","Buttaro","Rubie.Buttaro@yopmail.com"
1057,"Elfreda","Klotz","Elfreda.Klotz@yopmail.com"
1058,"Lily","Cherianne","Lily.Cherianne@yopmail.com"
1059,"Jemie","Baudin","Jemie.Baudin@yopmail.com"
1060,"Roberta","Schalles","Roberta.Schalles@yopmail.com"
1061,"Susan","Adore","Susan.Adore@yopmail.com"
1062,"Linet","Kirstin","Linet.Kirstin@yopmail.com"
1063,"Orsola","Torray","Orsola.Torray@yopmail.com"
1064,"Verla","Gualtiero","Verla.Gualtiero@yopmail.com"
1065,"Vita","Couture","Vita.Couture@yopmail.com"
1066,"Ericka","Melan","Ericka.Melan@yopmail.com"
1067,"Eve","Ochs","Eve.Ochs@yopmail.com"
1068,"Keelia","Olin","Keelia.Olin@yopmail.com"
1069,"Meriel","Loring","Meriel.Loring@yopmail.com"
1070,"Sue","Medrek","Sue.Medrek@yopmail.com"
1071,"Inga","Hourigan","Inga.Hourigan@yopmail.com"
1072,"Karolina","Roche","Karolina.Roche@yopmail.com"
1073,"Leanna","Elbertina","Leanna.Elbertina@yopmail.com"
1074,"Brena","Cassius","Brena.Cassius@yopmail.com"
1075,"Hildegaard","Maurine","Hildegaard.Maurine@yopmail.com"
1076,"Lanae","Havens","Lanae.Havens@yopmail.com"
1077,"Lonnie","Auberbach","Lonnie.Auberbach@yopmail.com"
1078,"Dione","Rustice","Dione.Rustice@yopmail.com"
1079,"Thalia","Glenden","Thalia.Glenden@yopmail.com"
1080,"Lorie","Dielu","Lorie.Dielu@yopmail.com"
1081,"Ruthe","Garbe","Ruthe.Garbe@yopmail.com"
1082,"Steffane","Bigner","Steffane.Bigner@yopmail.com"
1083,"Consuela","Heisel","Consuela.Heisel@yopmail.com"
1084,"Silvana","Sophronia","Silvana.Sophronia@yopmail.com"
1085,"Merle","Charity","Merle.Charity@yopmail.com"
1086,"Roseline","Anton","Roseline.Anton@yopmail.com"
1087,"Tonia","Shields","Tonia.Shields@yopmail.com"
1088,"Sheelagh","Ezar","Sheelagh.Ezar@yopmail.com"
1089,"Evita","Stacy","Evita.Stacy@yopmail.com"
1090,"Rosene","Oriana","Rosene.Oriana@yopmail.com"
1091,"Winifred","Tice","Winifred.Tice@yopmail.com"
1092,"Corly","Artie","Corly.Artie@yopmail.com"
1093,"Vanessa","Kendrick","Vanessa.Kendrick@yopmail.com"
1094,"Roxane","Margarete","Roxane.Margarete@yopmail.com"
1095,"Dari","Soneson","Dari.Soneson@yopmail.com"
1096,"Josephine","Morrill","Josephine.Morrill@yopmail.com"
1097,"Robbi","Berl","Robbi.Berl@yopmail.com"
1098,"Nariko","Adlare","Nariko.Adlare@yopmail.com"
